num_distr,mouse.time,mouse.clicked_name,,,,,num_distr,mouse.time,mouse.clicked_name,,,num_distr,mouse.time,mouse.clicked_name,,,,,,,,
5,1.1864032,target,,,,,5,1.1864032,target,,,10,1.0595066,target,,,set size,,participant 1,participant 2,participant 3,participant 4
5,1.8067683,target,,mean rt,,,5,1.8067683,target,,mean rt,10,1.4575485,target,,mean rt,,5,1.189975605,1.525907023,1.560048245,1.821895794
10,1.0595066,target,,1.672988528,,,5,1.0539465,target,,1.541532227,10,1.7266326,target,,1.798134927,,10,1.414265697,1.796184991,1.840043092,2.020199555
5,1.0539465,target,,,,,5,1.1545862,target,,,10,1.059843,target,,,,,,,,
5,1.1545862,target,,,,,5,1.1198933,target,,,10,1.0783801,target,,,,,,,,
10,1.4575485,target,,,,,5,1.088469,target,,,10,1.8934964,target,,,,Mean RT,,,,
10,1.7266326,target,,,,,5,1.2022644,target,,,10,1.2414999,target,,,Set Size-5,1.541532227,,,,
10,1.059843,target,,,,,5,1.0507935,target,,,10,1.3258388,target,,,Set Size-10,1.798134927,,,,
10,1.0783801,target,,,,,5,1.167891,target,,,10,1.1719553,target,,,,,,,,
10,1.8934964,target,,,,,5,1.1713439,target,,,10,1.4408653,target,,,Slope,0.05132054,,,,
5,1.1198933,target,,,,,5,1.3022278,target,,,10,1.5945326,target,,,,,,,,
10,1.2414999,target,,,,,5,1.2530982,target,,,10,1.8937893,target,,,,,,,,
5,1.088469,target,,,,,5,1.0535407,target,,,10,0.859442,target,,,,,,,,
10,1.3258388,target,,,,,5,1.0383346,target,,,10,0.8266466,target,,,,,,,,
5,1.2022644,target,,,,,5,1.0893636,target,,,10,1.6133887,target,,,,,,,,
5,1.0507935,target,,,,,5,1.468179,target,,,10,2.2110463,target,,,,,,,,
5,1.167891,target,,,,,5,1.2700574,target,,,10,1.011004,target,,,,,,,,
5,1.1713439,target,,,,,5,0.8879208,target,,,10,1.5112492,target,,,,,,,,
5,1.3022278,target,,,,,5,0.981437,target,,,10,1.279263,target,,,,,,,,
10,1.1719553,target,,,,,5,0.7877965,target,,,10,1.2587431,target,,,,,,,,
5,1.2530982,target,,,,,5,1.0718002,target,,,10,1.3457132,target,,,,,,,,
10,1.4408653,target,,,,,5,1.1863068,target,,,10,1.0955492,target,,,,,,,,
10,1.5945326,target,,,,,5,1.2230134,target,,,10,1.0622223,target,,,,,,,,
5,1.0535407,target,,,,,5,1.2889308,target,,,10,1.2099954,target,,,,,,,,
10,1.8937893,target,,,,,5,1.222066,target,,,10,1.3439648,target,,,,,,,,
10,0.859442,target,,,,,5,1.0723106,target,,,10,1.0756269,target,,,,,,,,
10,0.8266466,target,,,,,5,1.1350727,target,,,10,1.7907799,target,,,,,,,,
5,1.0383346,target,,,,,5,0.9716381,target,,,10,1.6780956,target,,,,,,,,
10,1.6133887,target,,,,,5,1.1891235,target,,,10,1.3436282,target,,,,,,,,
10,2.2110463,target,,,,,5,1.2893193,target,,,10,1.0443218,target,,,,,,,,
5,1.0893636,target,,,,,5,1.255599,target,,,10,1.2606541,target,,,,,,,,
5,1.468179,target,,,,,5,1.087392,target,,,10,1.2250307,target,,,,,,,,
10,1.011004,target,,,,,5,1.4875435,target,,,10,1.8099792,target,,,,,,,,
5,1.2700574,target,,,,,5,1.0886447,target,,,10,1.3969452,target,,,,,,,,
5,0.8879208,target,,,,,5,1.1206764,target,,,10,2.2444872,target,,,,,,,,
10,1.5112492,target,,,,,5,1.0342498,target,,,10,3.1935521,target,,,,,,,,
5,0.981437,target,,,,,5,1.7731801,target,,,10,1.3104783,target,,,,,,,,
5,0.7877965,target,,,,,5,1.407221,target,,,10,1.0578704,target,,,,,,,,
10,1.279263,target,,,,,5,2.0689422,target,,,10,1.0116915,target,,,,,,,,
5,1.0718002,target,,,,,5,1.5899332,target,,,10,2.7274459,target,,,,,,,,
10,1.2587431,target,,,,,5,1.1906232,target,,,10,0.9919074,target,,,,,,,,
10,1.3457132,target,,,,,5,1.2532014,target,,,10,0.9285822,target,,,,,,,,
10,1.0955492,target,,,,,5,1.1222932,target,,,10,1.3287564,target,,,,,,,,
10,1.0622223,target,,,,,5,0.955926,target,,,10,1.0179719,target,,,,,,,,
5,1.1863068,target,,,,,5,1.7165591,target,,,10,1.8955543,target,,,,,,,,
10,1.2099954,target,,,,,5,1.0027153,target,,,10,1.1098945,target,,,,,,,,
10,1.3439648,target,,,,,5,0.9036355,target,,,10,2.6084102,target,,,,,,,,
5,1.2230134,target,,,,,5,1.0390353,target,,,10,1.2926964,target,,,,,,,,
10,1.0756269,target,,,,,5,1.1009677,target,,,10,3.2148254,target,,,,,,,,
5,1.2889308,target,,,,,5,0.9715446,target,,,10,1.3399249,target,,,,,,,,
10,1.7907799,target,,,,,5,0.9898609,target,,,10,1.0584199,target,,,,,,,,
10,1.6780956,target,,,,,5,1.0995864,target,,,10,1.244138,target,,,,,,,,
5,1.222066,target,,,,,5,1.1544195,target,,,10,1.2777887,target,,,,,,,,
5,1.0723106,target,,,,,5,2.2564162,target,,,10,1.4906968,target,,,,,,,,
10,1.3436282,target,,,,,5,1.18939,target,,,10,0.9591498,target,,,,,,,,
5,1.1350727,target,,,,,5,1.0015617,target,,,10,2.0604432,target,,,,,,,,
10,1.0443218,target,,,,,5,1.4041283,target,,,10,1.1580744,target,,,,,,,,
10,1.2606541,target,,,,,5,1.1212327,target,,,10,1.228079,target,,,,,,,,
5,0.9716381,target,,,,,5,1.6577067,target,,,10,0.9924156,target,,,,,,,,
10,1.2250307,target,,,,,5,1.7217693,target,,,10,1.4388119,target,,,,,,,,
5,1.1891235,target,,,,,5,1.016021,target,,,10,1.012221,target,,,,,,,,
5,1.2893193,target,,,,,5,1.1348516,target,,,10,0.9252276,target,,,,,,,,
5,1.255599,target,,,,,5,1.4144309,target,,,10,1.1960657,target,,,,,,,,
5,1.087392,target,,,,,5,0.9680016,target,,,10,0.8722511,target,,,,,,,,
10,1.8099792,target,,,,,5,1.2042886,target,,,10,1.0618245,target,,,,,,,,
5,1.4875435,target,,,,,5,1.0901615,target,,,10,1.2591317,target,,,,,,,,
10,1.3969452,target,,,,,5,1.0225848,target,,,10,1.1744939,target,,,,,,,,
5,1.0886447,target,,,,,5,1.1708714,target,,,10,1.5116271,target,,,,,,,,
5,1.1206764,target,,,,,5,1.0224828,target,,,10,2.2448285,target,,,,,,,,
10,2.2444872,target,,,,,5,1.0225311,target,,,10,1.3616836,target,,,,,,,,
5,1.0342498,target,,,,,5,0.9548746,target,,,10,2.0632422,target,,,,,,,,
10,3.1935521,target,,,,,5,0.8716277,target,,,10,1.5882835,target,,,,,,,,
10,1.3104783,target,,,,,5,1.0186736,target,,,10,1.0854932,target,,,,,,,,
5,1.7731801,target,,,,,5,1.0048414,target,,,10,1.8185055,target,,,,,,,,
5,1.407221,target,,,,,5,1.1721662,target,,,10,1.903774,target,,,,,,,,
10,1.0578704,target,,,,,5,1.0536923,target,,,10,1.6819705,target,,,,,,,,
5,2.0689422,target,,,,,5,1.0723024,target,,,10,3.0750494,target,,,,,,,,
10,1.0116915,target,,,,,5,1.0538425,target,,,10,1.5119967,target,,,,,,,,
10,2.7274459,target,,,,,5,1.607346,target,,,10,1.3627205,target,,,,,,,,
10,0.9919074,target,,,,,5,1.0613948,target,,,10,2.6260504,target,,,,,,,,
5,1.5899332,target,,,,,5,1.3991873,target,,,10,1.9028704,target,,,,,,,,
5,1.1906232,target,,,,,5,1.3422517,target,,,10,1.2331063,target,,,,,,,,
5,1.2532014,target,,,,,5,1.6295494,target,,,10,1.8598865,target,,,,,,,,
5,1.1222932,target,,,,,5,1.4494409,target,,,10,1.2608345,target,,,,,,,,
10,0.9285822,target,,,,,5,1.6498047,target,,,10,1.3145775,target,,,,,,,,
5,0.955926,target,,,,,5,1.3769144,target,,,10,1.6582486,target,,,,,,,,
5,1.7165591,target,,,,,5,1.4068214,target,,,10,1.3824666,target,,,,,,,,
5,1.0027153,target,,,,,5,1.6247592,target,,,10,2.9353618,target,,,,,,,,
5,0.9036355,target,,,,,5,1.2537548,target,,,10,1.9201887,target,,,,,,,,
10,1.3287564,target,,,,,5,1.7633031,target,,,10,1.4462027,target,,,,,,,,
5,1.0390353,target,,,,,5,1.355611,target,,,10,1.5277259,target,,,,,,,,
5,1.1009677,target,,,,,5,1.6668462,target,,,10,2.3272599,target,,,,,,,,
10,1.0179719,target,,,,,5,1.5032464,target,,,10,1.1427795,target,,,,,,,,
5,0.9715446,target,,,,,5,1.2498216,target,,,10,1.2212514,target,,,,,,,,
10,1.8955543,target,,,,,5,2.2295365,target,,,10,2.4049558,target,,,,,,,,
10,1.1098945,target,,,,,5,2.6883519,target,,,10,2.7425679,target,,,,,,,,
5,0.9898609,target,,,,,5,1.6086594,target,,,10,1.5318644,target,,,,,,,,
10,2.6084102,target,,,,,5,2.1444887,target,,,10,1.7760004,target,,,,,,,,
10,1.2926964,target,,,,,5,1.6819983,target,,,10,2.2608318,target,,,,,,,,
5,1.0995864,target,,,,,5,1.2012791,target,,,10,1.9738994,target,,,,,,,,
5,1.1544195,target,,,,,5,1.4339911,target,,,10,2.1093301,target,,,,,,,,
5,2.2564162,target,,,,,5,2.0576741,target,,,10,1.1407497,target,,,,,,,,
10,3.2148254,target,,,,,5,1.522962,target,,,10,1.2662249,target,,,,,,,,
5,1.18939,target,,,,,5,2.2160745,target,,,10,2.16548,target,,,,,,,,
5,1.0015617,target,,,,,5,1.6621362,target,,,10,1.8356805,target,,,,,,,,
10,1.3399249,target,,,,,5,1.3763602,target,,,10,1.8667853,target,,,,,,,,
5,1.4041283,target,,,,,5,1.830303,target,,,10,2.1141757,target,,,,,,,,
5,1.1212327,target,,,,,5,1.6428007,target,,,10,2.0164517,target,,,,,,,,
10,1.0584199,target,,,,,5,1.2788042,target,,,10,1.2347386,target,,,,,,,,
5,1.6577067,target,,,,,5,1.5203264,target,,,10,1.4262606,target,,,,,,,,
5,1.7217693,target,,,,,5,1.6849512,target,,,10,1.480486,target,,,,,,,,
10,1.244138,target,,,,,5,1.677226,target,,,10,2.7141013,target,,,,,,,,
5,1.016021,target,,,,,5,1.2152943,target,,,10,2.0774908,target,,,,,,,,
10,1.2777887,target,,,,,5,1.535332,target,,,10,1.6441185,target,,,,,,,,
5,1.1348516,target,,,,,5,1.6495427,target,,,10,1.1734198,target,,,,,,,,
10,1.4906968,target,,,,,5,1.5993882,target,,,10,1.831387,target,,,,,,,,
10,0.9591498,target,,,,,5,2.765521,target,,,10,1.296323,target,,,,,,,,
5,1.4144309,target,,,,,5,1.603573,target,,,10,2.3625858,target,,,,,,,,
10,2.0604432,target,,,,,5,2.2316388,target,,,10,1.3661297,target,,,,,,,,
10,1.1580744,target,,,,,5,1.2421101,target,,,10,1.7345287,target,,,,,,,,
5,0.9680016,target,,,,,5,1.7437255,target,,,10,1.5280624,target,,,,,,,,
5,1.2042886,target,,,,,5,1.5017644,target,,,10,1.1792499,target,,,,,,,,
10,1.228079,target,,,,,5,1.495141,target,,,10,1.232369,target,,,,,,,,
10,0.9924156,target,,,,,5,1.1052088,target,,,10,1.3143001,target,,,,,,,,
5,1.0901615,target,,,,,5,1.295443,target,,,10,2.9984543,target,,,,,,,,
10,1.4388119,target,,,,,5,1.4189747,target,,,10,2.0617352,target,,,,,,,,
5,1.0225848,target,,,,,5,1.4690788,target,,,10,1.4746819,target,,,,,,,,
10,1.012221,target,,,,,5,1.5025657,target,,,10,1.2886679,target,,,,,,,,
5,1.1708714,target,,,,,5,1.5049508,target,,,10,1.6772656,target,,,,,,,,
10,0.9252276,target,,,,,5,1.4612078,target,,,10,2.4235146,target,,,,,,,,
10,1.1960657,target,,,,,5,1.3055197,target,,,10,1.7438664,target,,,,,,,,
5,1.0224828,target,,,,,5,1.4511376,target,,,10,2.0641175,target,,,,,,,,
10,0.8722511,target,,,,,5,1.1366694,target,,,10,1.3770062,target,,,,,,,,
10,1.0618245,target,,,,,5,1.2994966,target,,,10,1.2399117,target,,,,,,,,
10,1.2591317,target,,,,,5,1.0496775,target,,,10,2.1297961,target,,,,,,,,
5,1.0225311,target,,,,,5,1.9619313,target,,,10,2.532171,target,,,,,,,,
5,0.9548746,target,,,,,5,2.561689,target,,,10,3.6065364,target,,,,,,,,
5,0.8716277,target,,,,,5,1.7037866,target,,,10,1.4102901,target,,,,,,,,
5,1.0186736,target,,,,,5,1.3838757,target,,,10,1.6241361,target,,,,,,,,
10,1.1744939,target,,,,,5,1.104843,target,,,10,1.8355503,target,,,,,,,,
5,1.0048414,target,,,,,5,1.482483,target,,,10,1.8224551,target,,,,,,,,
10,1.5116271,target,,,,,5,1.2706497,target,,,10,1.1689344,target,,,,,,,,
10,2.2448285,target,,,,,5,1.4982768,target,,,10,2.0823996,target,,,,,,,,
10,1.3616836,target,,,,,5,1.4083472,target,,,10,1.6592448,target,,,,,,,,
5,1.1721662,target,,,,,5,1.5341668,target,,,10,1.6953756,target,,,,,,,,
10,2.0632422,target,,,,,5,1.0844432,target,,,10,4.0167948,target,,,,,,,,
5,1.0536923,target,,,,,5,1.3914223,target,,,10,1.2055666,target,,,,,,,,
5,1.0723024,target,,,,,5,1.8986784,target,,,10,1.1907401,target,,,,,,,,
5,1.0538425,target,,,,,5,1.1533765,target,,,10,2.1439531,target,,,,,,,,
10,1.5882835,target,,,,,5,1.3749878,target,,,10,1.7383114,target,,,,,,,,
5,1.607346,target,,,,,5,1.1510259,target,,,10,1.039769,target,,,,,,,,
10,1.0854932,target,,,,,5,1.7420722,target,,,10,1.4269496,target,,,,,,,,
5,1.0613948,target,,,,,5,1.5865056,target,,,10,1.9676019,target,,,,,,,,
10,1.8185055,target,,,,,5,1.3418692,target,,,10,1.064,target,,,,,,,,
5,1.3991873,target,,,,,5,1.4021473,target,,,10,1.1541798,target,,,,,,,,
10,1.903774,target,,,,,5,1.820118,target,,,10,1.788755,target,,,,,,,,
10,1.6819705,target,,,,,5,1.2196109,target,,,10,1.2014488,target,,,,,,,,
5,1.3422517,target,,,,,5,1.3878837,target,,,10,1.6439381,target,,,,,,,,
10,3.0750494,target,,,,,5,2.0977762,target,,,10,1.6814443,target,,,,,,,,
5,1.6295494,target,,,,,5,1.1215072,target,,,10,4.3274908,target,,,,,,,,
10,1.5119967,target,,,,,5,1.053769,target,,,10,1.5624423,target,,,,,,,,
5,1.4494409,target,,,,,5,1.0792015,target,,,10,2.0428141,Target,,,,,,,,
5,1.6498047,target,,,,,5,1.2161104,target,,,10,1.5009049,Target,,,,,,,,
10,1.3627205,target,,,,,5,1.0401089,target,,,10,2.5620338,Target,,,,,,,,
10,2.6260504,target,,,,,5,1.5525615,target,,,10,1.9159761,Target,,,,,,,,
10,1.9028704,target,,,,,5,1.1325165,target,,,10,2.8360102,Target,,,,,,,,
5,1.3769144,target,,,,,5,1.5993767,target,,,10,4.1363487,Target,,,,,,,,
10,1.2331063,target,,,,,5,1.5066211,target,,,10,1.7181216,Target,,,,,,,,
5,1.4068214,target,,,,,5,1.1624493,target,,,10,1.7617855,Target,,,,,,,,
10,1.8598865,target,,,,,5,1.6433847,target,,,10,1.8543629,Target,,,,,,,,
5,1.6247592,target,,,,,5,1.0033462,target,,,10,1.34666,Target,,,,,,,,
5,1.2537548,target,,,,,5,2.3814031,target,,,10,2.0963285,Target,,,,,,,,
10,1.2608345,target,,,,,5,1.0575941,Target,,,10,1.5424561,Target,,,,,,,,
10,1.3145775,target,,,,,5,1.8823117,Target,,,10,1.0981718,Target,,,,,,,,
5,1.7633031,target,,,,,5,1.4313933,Target,,,10,1.9958623,Target,,,,,,,,
5,1.355611,target,,,,,5,1.2983714,Target,,,10,1.5600036,Target,,,,,,,,
5,1.6668462,target,,,,,5,1.3140057,Target,,,10,1.5463864,Target,,,,,,,,
10,1.6582486,target,,,,,5,1.3137849,Target,,,10,1.8528131,Target,,,,,,,,
5,1.5032464,target,,,,,5,1.2015934,Target,,,10,1.3270539,Target,,,,,,,,
5,1.2498216,target,,,,,5,1.7394895,Target,,,10,1.4627592,Target,,,,,,,,
10,1.3824666,target,,,,,5,1.5074219,Target,,,10,1.1668759,Target,,,,,,,,
10,2.9353618,target,,,,,5,1.5179311,Target,,,10,1.1305846,Target,,,,,,,,
10,1.9201887,target,,,,,5,1.3317285,Target,,,10,1.1916505,Target,,,,,,,,
10,1.4462027,target,,,,,5,1.4671985,Target,,,10,2.7562178,Target,,,,,,,,
5,2.2295365,target,,,,,5,1.1933645,Target,,,10,1.2699557,Target,,,,,,,,
10,1.5277259,target,,,,,5,1.5836954,Target,,,10,1.0306896,Target,,,,,,,,
10,2.3272599,target,,,,,5,1.7339024,Target,,,10,1.1308444,Target,,,,,,,,
5,2.6883519,target,,,,,5,1.2796945,Target,,,10,2.6932045,Target,,,,,,,,
5,1.6086594,target,,,,,5,1.1911381,Target,,,10,1.7499726,Target,,,,,,,,
10,1.1427795,target,,,,,5,1.4457452,Target,,,10,1.4545511,Target,,,,,,,,
5,2.1444887,target,,,,,5,1.3337659,Target,,,10,2.3318836,Target,,,,,,,,
5,1.6819983,target,,,,,5,1.4124538,Target,,,10,1.836862,Target,,,,,,,,
10,1.2212514,target,,,,,5,1.2504143,Target,,,10,1.475954,Target,,,,,,,,
5,1.2012791,target,,,,,5,2.1324432,Target,,,10,1.921498,Target,,,,,,,,
5,1.4339911,target,,,,,5,1.2362911,Target,,,10,1.6592471,Target,,,,,,,,
10,2.4049558,target,,,,,5,1.3914422,Target,,,10,1.0398322,Target,,,,,,,,
10,2.7425679,target,,,,,5,1.0432406,Target,,,10,1.2599027,Target,,,,,,,,
10,1.5318644,target,,,,,5,1.7500478,Target,,,10,1.8852027,Target,,,,,,,,
10,1.7760004,target,,,,,5,1.4403294,Target,,,10,1.7937894,Target,,,,,,,,
5,2.0576741,target,,,,,5,2.0937261,Target,,,10,1.6107021,Target,,,,,,,,
5,1.522962,target,,,,,5,1.8158755,Target,,,10,2.1385309,Target,,,,,,,,
5,2.2160745,target,,,,,5,0.8787381,Target,,,10,1.2280013,Target,,,,,,,,
10,2.2608318,target,,,,,5,1.7030266,Target,,,10,1.1594012,Target,,,,,,,,
5,1.6621362,target,,,,,5,1.0662176,Target,,,10,1.3944475,Target,,,,,,,,
10,1.9738994,target,,,,,5,1.5782405,Target,,,10,1.6174415,Target,,,,,,,,
5,1.3763602,target,,,,,5,1.3695163,Target,,,10,1.4636741,Target,,,,,,,,
5,1.830303,target,,,,,5,1.0492387,Target,,,10,1.3939032,Target,,,,,,,,
5,1.6428007,target,,,,,5,1.75126,Target,,,10,1.2903378,Target,,,,,,,,
10,2.1093301,target,,,,,5,1.3867023,Target,,,10,2.163437,Target,,,,,,,,
5,1.2788042,target,,,,,5,1.2170239,Target,,,10,1.1613546,Target,,,,,,,,
10,1.1407497,target,,,,,5,1.2573274,Target,,,10,1.8216515,Target,,,,,,,,
10,1.2662249,target,,,,,5,1.2685198,Target,,,10,2.4418694,Target,,,,,,,,
5,1.5203264,target,,,,,5,3.1297877,Target,,,10,2.3803006,Target,,,,,,,,
5,1.6849512,target,,,,,5,2.005982,Target,,,10,1.2541874,Target,,,,,,,,
10,2.16548,target,,,,,5,1.7325491,Target,,,10,1.5923595,Target,,,,,,,,
10,1.8356805,target,,,,,5,1.7156147,Target,,,10,2.4268621,Target,,,,,,,,
5,1.677226,target,,,,,5,1.0471239,Target,,,10,1.3730833,Target,,,,,,,,
5,1.2152943,target,,,,,5,1.7667678,Target,,,10,1.7733878,Target,,,,,,,,
5,1.535332,target,,,,,5,1.314501,Target,,,10,1.8752873,Target,,,,,,,,
10,1.8667853,target,,,,,5,1.35065,Target,,,10,1.3536788,Target,,,,,,,,
10,2.1141757,target,,,,,5,1.2302497,Target,,,10,1.452005,Target,,,,,,,,
5,1.6495427,target,,,,,5,1.0485903,Target,,,10,2.589284,Target,,,,,,,,
10,2.0164517,target,,,,,5,2.6493184,Target,,,10,1.7096786,Target,,,,,,,,
5,1.5993882,target,,,,,5,1.5317622,Target,,,10,2.2874949,Target,,,,,,,,
10,1.2347386,target,,,,,5,2.3343894,Target,,,10,1.4316804,Target,,,,,,,,
10,1.4262606,target,,,,,5,1.5170404,Target,,,10,1.8245824,Target,,,,,,,,
10,1.480486,target,,,,,5,1.6006406,Target,,,10,1.0940343,Target,,,,,,,,
5,2.765521,target,,,,,5,2.0328676,Target,,,10,2.7232778,Target,,,,,,,,
5,1.603573,target,,,,,5,2.0475138,Target,,,10,2.2103609,Target,,,,,,,,
5,2.2316388,target,,,,,5,1.1640357,Target,,,10,1.5613785,Target,,,,,,,,
5,1.2421101,target,,,,,5,1.4973071,Target,,,10,1.8398398,Target,,,,,,,,
5,1.7437255,target,,,,,5,1.3810592,Target,,,10,1.9899457,Target,,,,,,,,
10,2.7141013,target,,,,,5,1.3317095,Target,,,10,1.4552148,Target,,,,,,,,
10,2.0774908,target,,,,,5,1.7923486,Target,,,10,1.3899405,Target,,,,,,,,
5,1.5017644,target,,,,,5,1.7981951,Target,,,10,1.4078925,Target,,,,,,,,
10,1.6441185,target,,,,,5,2.1169622,Target,,,10,2.0818635,Target,,,,,,,,
5,1.495141,target,,,,,5,1.2990833,Target,,,10,3.6077427,Target,,,,,,,,
5,1.1052088,target,,,,,5,1.3345512,Target,,,10,1.8595201,Target,,,,,,,,
10,1.1734198,target,,,,,5,1.9130628,Target,,,10,1.7758595,Target,,,,,,,,
10,1.831387,target,,,,,5,1.5181511,Target,,,10,2.110323,Target,,,,,,,,
5,1.295443,target,,,,,5,1.8135608,Target,,,10,1.410121,Target,,,,,,,,
5,1.4189747,target,,,,,5,1.4497615,Target,,,10,1.6386422,Target,,,,,,,,
10,1.296323,target,,,,,5,1.9339823,Target,,,10,1.3586238,Target,,,,,,,,
10,2.3625858,target,,,,,5,1.350921,Target,,,10,1.4734968,Target,,,,,,,,
5,1.4690788,target,,,,,5,1.9799628,Target,,,10,2.0349694,Target,,,,,,,,
10,1.3661297,target,,,,,5,1.8696012,Target,,,10,2.596407,Target,,,,,,,,
5,1.5025657,target,,,,,5,1.4354508,Target,,,10,1.6102884,Target,,,,,,,,
5,1.5049508,target,,,,,5,1.700086,Target,,,10,1.5395334,Target,,,,,,,,
10,1.7345287,target,,,,,5,1.6658324,Target,,,10,2.1420647,Target,,,,,,,,
10,1.5280624,target,,,,,5,1.3850366,Target,,,10,1.4944522,Target,,,,,,,,
5,1.4612078,target,,,,,5,2.2993467,Target,,,10,2.0210626,Target,,,,,,,,
5,1.3055197,target,,,,,5,1.4685112,Target,,,10,1.5220204,Target,,,,,,,,
5,1.4511376,target,,,,,5,1.8453441,Target,,,10,1.9618925,Target,,,,,,,,
5,1.1366694,target,,,,,5,1.5054162,Target,,,10,1.9902569,Target,,,,,,,,
5,1.2994966,target,,,,,5,1.1503623,Target,,,10,1.7849471,Target,,,,,,,,
5,1.0496775,target,,,,,5,1.5825797,Target,,,10,5.4925168,Target,,,,,,,,
10,1.1792499,target,,,,,5,1.5283437,Target,,,10,2.2437732,Target,,,,,,,,
10,1.232369,target,,,,,5,1.1372962,Target,,,10,3.6263303,Target,,,,,,,,
5,1.9619313,target,,,,,5,2.2109688,Target,,,10,1.5589925,Target,,,,,,,,
10,1.3143001,target,,,,,5,1.3671153,Target,,,10,1.9940452,Target,,,,,,,,
10,2.9984543,target,,,,,5,2.0467946,Target,,,10,1.7449755,Target,,,,,,,,
5,2.561689,target,,,,,5,1.8066794,Target,,,10,2.0939048,Target,,,,,,,,
10,2.0617352,target,,,,,5,2.1644698,Target,,,10,1.5606777,Target,,,,,,,,
10,1.4746819,target,,,,,5,1.4133482,Target,,,10,1.766721,Target,,,,,,,,
5,1.7037866,target,,,,,5,1.7136473,Target,,,10,1.5100445,Target,,,,,,,,
10,1.2886679,target,,,,,5,1.6300701,Target,,,10,1.9921005,Target,,,,,,,,
10,1.6772656,target,,,,,5,1.5659875,Target,,,10,2.9875972,Target,,,,,,,,
5,1.3838757,target,,,,,5,1.5103203,Target,,,10,0.9268223,Target,,,,,,,,
10,2.4235146,target,,,,,5,1.7930591,Target,,,10,1.406314,Target,,,,,,,,
5,1.104843,target,,,,,5,1.4980627,Target,,,10,2.54275,Target,,,,,,,,
5,1.482483,target,,,,,5,2.1665608,Target,,,10,2.1270073,Target,,,,,,,,
5,1.2706497,target,,,,,5,2.8798574,Target,,,10,1.4460495,Target,,,,,,,,
5,1.4982768,target,,,,,5,1.9852111,Target,,,10,1.6709632,Target,,,,,,,,
5,1.4083472,target,,,,,5,1.4398589,Target,,,10,1.4289302,Target,,,,,,,,
10,1.7438664,target,,,,,5,1.5267954,Target,,,10,3.0846375,Target,,,,,,,,
10,2.0641175,target,,,,,5,2.465675,Target,,,10,2.3916056,Target,,,,,,,,
5,1.5341668,target,,,,,5,1.837032,Target,,,10,2.2535125,Target,,,,,,,,
10,1.3770062,target,,,,,5,1.9482847,Target,,,10,2.5041919,Target,,,,,,,,
10,1.2399117,target,,,,,5,2.5317903,Target,,,10,2.718237,Target,,,,,,,,
10,2.1297961,target,,,,,5,1.415054,Target,,,10,3.1380626,Target,,,,,,,,
5,1.0844432,target,,,,,5,2.0657714,Target,,,10,1.6524527,Target,,,,,,,,
10,2.532171,target,,,,,5,2.6654416,Target,,,10,1.5228549,Target,,,,,,,,
5,1.3914223,target,,,,,5,3.1327534,Target,,,10,1.9540364,Target,,,,,,,,
10,3.6065364,target,,,,,5,1.9601115,Target,,,10,2.0906294,Target,,,,,,,,
10,1.4102901,target,,,,,5,1.6132992,Target,,,10,3.473031,Target,,,,,,,,
10,1.6241361,target,,,,,5,1.6381254,Target,,,10,2.0760937,Target,,,,,,,,
10,1.8355503,target,,,,,5,1.5827526,Target,,,10,1.9724163,Target,,,,,,,,
10,1.8224551,target,,,,,5,1.4205737,Target,,,10,1.6510577,Target,,,,,,,,
10,1.1689344,target,,,,,5,1.7211283,Target,,,10,2.0121545,Target,,,,,,,,
5,1.8986784,target,,,,,5,1.6487751,Target,,,10,4.1942254,Target,,,,,,,,
5,1.1533765,target,,,,,5,2.8276151,Target,,,10,3.4051257,Target,,,,,,,,
10,2.0823996,target,,,,,5,1.3511159,Target,,,10,2.1713545,Target,,,,,,,,
5,1.3749878,target,,,,,5,1.4319481,Target,,,10,2.7105891,Target,,,,,,,,
5,1.1510259,target,,,,,5,1.6744153,Target,,,10,1.9221963,Target,,,,,,,,
5,1.7420722,target,,,,,5,2.2065094,Target,,,10,1.706548,Target,,,,,,,,
10,1.6592448,target,,,,,5,1.798123,Target,,,10,1.551792,Target,,,,,,,,
10,1.6953756,target,,,,,5,1.923282,Target,,,10,2.2046509,Target,,,,,,,,
10,4.0167948,target,,,,,5,1.8364608,Target,,,10,1.573573,Target,,,,,,,,
10,1.2055666,target,,,,,5,2.1817953,Target,,,10,2.3244789,Target,,,,,,,,
5,1.5865056,target,,,,,5,1.9782833,Target,,,10,1.3532964,Target,,,,,,,,
10,1.1907401,target,,,,,5,2.2194583,Target,,,10,1.0395967,Target,,,,,,,,
10,2.1439531,target,,,,,5,1.6875384,Target,,,10,1.8763916,Target,,,,,,,,
5,1.3418692,target,,,,,5,2.6332916,Target,,,10,2.4153722,Target,,,,,,,,
10,1.7383114,target,,,,,5,1.3682601,Target,,,10,3.306972,Target,,,,,,,,
5,1.4021473,target,,,,,5,1.701173,Target,,,10,1.9418972,Target,,,,,,,,
5,1.820118,target,,,,,5,1.8116021,Target,,,10,1.2054721,Target,,,,,,,,
5,1.2196109,target,,,,,5,1.4724896,Target,,,10,2.1392508,Target,,,,,,,,
5,1.3878837,target,,,,,5,1.667313,Target,,,10,1.4605878,Target,,,,,,,,
5,2.0977762,target,,,,,5,1.3419365,Target,,,10,2.0073265,Target,,,,,,,,
5,1.1215072,target,,,,,5,2.2808901,Target,,,10,1.7881623,Target,,,,,,,,
5,1.053769,target,,,,,5,1.6945162,Target,,,10,2.0496691,Target,,,,,,,,
5,1.0792015,target,,,,,5,1.3838565,Target,,,10,1.2403866,Target,,,,,,,,
5,1.2161104,target,,,,,5,1.3980833,Target,,,10,1.6715741,Target,,,,,,,,
10,1.039769,target,,,,,5,1.6484354,Target,,,10,1.4271277,Target,,,,,,,,
10,1.4269496,target,,,,,5,1.2366401,Target,,,10,1.3766681,Target,,,,,,,,
5,1.0401089,target,,,,,5,2.0315325,Target,,,10,1.7702888,Target,,,,,,,,
10,1.9676019,target,,,,,5,1.4841894,Target,,,10,1.6880499,Target,,,,,,,,
10,1.064,target,,,,,5,1.9003151,Target,,,10,1.4326576,Target,,,,,,,,
5,1.5525615,target,,,,,5,2.1542094,Target,,,10,1.4517949,Target,,,,,,,,
10,1.1541798,target,,,,,5,1.6991075,Target,,,10,1.5703312,Target,,,,,,,,
10,1.788755,target,,,,,5,1.634462,Target,,,10,4.1647732,Target,,,,,,,,
5,1.1325165,target,,,,,5,1.9412058,Target,,,10,1.8603829,Target,,,,,,,,
5,1.5993767,target,,,,,5,1.7481883,Target,,,10,1.6744739,Target,,,,,,,,
5,1.5066211,target,,,,,5,1.5504787,Target,,,10,2.3268281,Target,,,,,,,,
10,1.2014488,target,,,,,5,2.0726837,Target,,,10,2.3897361,Target,,,,,,,,
5,1.1624493,target,,,,,5,1.8331847,Target,,,10,1.573868,Target,,,,,,,,
10,1.6439381,target,,,,,5,1.54232,Target,,,10,1.8087694,Target,,,,,,,,
10,1.6814443,target,,,,,5,1.6469282,Target,,,10,2.5714048,Target,,,,,,,,
5,1.6433847,target,,,,,5,1.5184417,Target,,,10,2.9111072,Target,,,,,,,,
5,1.0033462,target,,,,,5,1.8993422,Target,,,10,1.5797427,Target,,,,,,,,
10,4.3274908,target,,,,,5,2.1617693,Target,,,10,2.0268696,Target,,,,,,,,
5,2.3814031,target,,,,,5,1.2975814,Target,,,10,1.5238641,Target,,,,,,,,
10,1.5624423,target,,,,,5,1.5243211,Target,,,10,3.0770307,Target,,,,,,,,
5,1.0575941,Target,,,,,5,1.367544,Target,,,10,1.3941631,Target,,,,,,,,
10,2.0428141,Target,,,,,5,2.0155466,Target,,,10,2.3052711,Target,,,,,,,,
5,1.8823117,Target,,,,,5,1.3166126,Target,,,10,2.2073137,Target,,,,,,,,
5,1.4313933,Target,,,,,5,2.1515193,Target,,,10,1.9386006,Target,,,,,,,,
5,1.2983714,Target,,,,,5,1.988111,Target,,,10,1.6245173,Target,,,,,,,,
5,1.3140057,Target,,,,,5,2.0474761,Target,,,10,1.9887537,Target,,,,,,,,
5,1.3137849,Target,,,,,5,2.5286212,Target,,,10,1.2756873,Target,,,,,,,,
10,1.5009049,Target,,,,,5,2.1839501,Target,,,10,2.2721302,Target,,,,,,,,
10,2.5620338,Target,,,,,5,1.4411738,Target,,,10,1.9149665,Target,,,,,,,,
10,1.9159761,Target,,,,,5,2.3640373,Target,,,10,2.0694818,Target,,,,,,,,
5,1.2015934,Target,,,,,5,2.5519841,Target,,,10,1.4996718,Target,,,,,,,,
5,1.7394895,Target,,,,,5,1.9818504,Target,,,10,2.4599393,Target,,,,,,,,
5,1.5074219,Target,,,,,5,1.1833748,Target,,,10,1.3828225,Target,,,,,,,,
10,2.8360102,Target,,,,,5,2.1283754,Target,,,10,1.7636993,Target,,,,,,,,
5,1.5179311,Target,,,,,5,1.4806823,Target,,,10,2.4255002,Target,,,,,,,,
10,4.1363487,Target,,,,,5,1.2810048,Target,,,10,1.5078579,Target,,,,,,,,
10,1.7181216,Target,,,,,5,1.4151013,Target,,,10,1.4219197,Target,,,,,,,,
5,1.3317285,Target,,,,,5,2.3168444,Target,,,10,2.7572785,Target,,,,,,,,
10,1.7617855,Target,,,,,5,1.3483072,Target,,,10,2.0689208,Target,,,,,,,,
5,1.4671985,Target,,,,,5,1.5658273,Target,,,10,2.8040883,Target,,,,,,,,
10,1.8543629,Target,,,,,5,1.6983726,Target,,,10,1.802417,Target,,,,,,,,
10,1.34666,Target,,,,,5,1.9811579,Target,,,10,1.6093987,Target,,,,,,,,
10,2.0963285,Target,,,,,5,1.7376126,Target,,,10,1.5992027,Target,,,,,,,,
5,1.1933645,Target,,,,,5,2.0184771,Target,,,10,1.8740022,Target,,,,,,,,
5,1.5836954,Target,,,,,,,,,,10,1.6898997,Target,,,,,,,,
5,1.7339024,Target,,,,,,,,,,10,1.8395309,Target,,,,,,,,
5,1.2796945,Target,,,,,,,,,,10,2.1274407,Target,,,,,,,,
10,1.5424561,Target,,,,,,,,,,10,1.5763399,Target,,,,,,,,
10,1.0981718,Target,,,,,,,,,,10,1.2280902,Target,,,,,,,,
5,1.1911381,Target,,,,,,,,,,10,3.226535,Target,,,,,,,,
10,1.9958623,Target,,,,,,,,,,10,2.2109852,Target,,,,,,,,
10,1.5600036,Target,,,,,,,,,,10,2.0851514,Target,,,,,,,,
10,1.5463864,Target,,,,,,,,,,10,1.6850971,Target,,,,,,,,
5,1.4457452,Target,,,,,,,,,,10,2.661263,Target,,,,,,,,
10,1.8528131,Target,,,,,,,,,,10,1.9211696,Target,,,,,,,,
5,1.3337659,Target,,,,,,,,,,10,2.7226272,Target,,,,,,,,
5,1.4124538,Target,,,,,,,,,,10,1.8035596,Target,,,,,,,,
10,1.3270539,Target,,,,,,,,,,10,1.578976,Target,,,,,,,,
10,1.4627592,Target,,,,,,,,,,10,1.4578645,Target,,,,,,,,
10,1.1668759,Target,,,,,,,,,,10,1.372192,Target,,,,,,,,
10,1.1305846,Target,,,,,,,,,,10,2.0722776,Target,,,,,,,,
5,1.2504143,Target,,,,,,,,,,10,1.4435888,Target,,,,,,,,
10,1.1916505,Target,,,,,,,,,,,,,,,,,,,,
10,2.7562178,Target,,,,,,,,,,,,,,,,,,,,
5,2.1324432,Target,,,,,,,,,,,,,,,,,,,,
5,1.2362911,Target,,,,,,,,,,,,,,,,,,,,
10,1.2699557,Target,,,,,,,,,,,,,,,,,,,,
10,1.0306896,Target,,,,,,,,,,,,,,,,,,,,
10,1.1308444,Target,,,,,,,,,,,,,,,,,,,,
10,2.6932045,Target,,,,,,,,,,,,,,,,,,,,
5,1.3914422,Target,,,,,,,,,,,,,,,,,,,,
10,1.7499726,Target,,,,,,,,,,,,,,,,,,,,
5,1.0432406,Target,,,,,,,,,,,,,,,,,,,,
10,1.4545511,Target,,,,,,,,,,,,,,,,,,,,
10,2.3318836,Target,,,,,,,,,,,,,,,,,,,,
5,1.7500478,Target,,,,,,,,,,,,,,,,,,,,
10,1.836862,Target,,,,,,,,,,,,,,,,,,,,
10,1.475954,Target,,,,,,,,,,,,,,,,,,,,
5,1.4403294,Target,,,,,,,,,,,,,,,,,,,,
5,2.0937261,Target,,,,,,,,,,,,,,,,,,,,
10,1.921498,Target,,,,,,,,,,,,,,,,,,,,
5,1.8158755,Target,,,,,,,,,,,,,,,,,,,,
5,0.8787381,Target,,,,,,,,,,,,,,,,,,,,
5,1.7030266,Target,,,,,,,,,,,,,,,,,,,,
10,1.6592471,Target,,,,,,,,,,,,,,,,,,,,
10,1.0398322,Target,,,,,,,,,,,,,,,,,,,,
10,1.2599027,Target,,,,,,,,,,,,,,,,,,,,
10,1.8852027,Target,,,,,,,,,,,,,,,,,,,,
5,1.0662176,Target,,,,,,,,,,,,,,,,,,,,
5,1.5782405,Target,,,,,,,,,,,,,,,,,,,,
5,1.3695163,Target,,,,,,,,,,,,,,,,,,,,
10,1.7937894,Target,,,,,,,,,,,,,,,,,,,,
5,1.0492387,Target,,,,,,,,,,,,,,,,,,,,
10,1.6107021,Target,,,,,,,,,,,,,,,,,,,,
5,1.75126,Target,,,,,,,,,,,,,,,,,,,,
5,1.3867023,Target,,,,,,,,,,,,,,,,,,,,
10,2.1385309,Target,,,,,,,,,,,,,,,,,,,,
10,1.2280013,Target,,,,,,,,,,,,,,,,,,,,
5,1.2170239,Target,,,,,,,,,,,,,,,,,,,,
5,1.2573274,Target,,,,,,,,,,,,,,,,,,,,
10,1.1594012,Target,,,,,,,,,,,,,,,,,,,,
10,1.3944475,Target,,,,,,,,,,,,,,,,,,,,
10,1.6174415,Target,,,,,,,,,,,,,,,,,,,,
10,1.4636741,Target,,,,,,,,,,,,,,,,,,,,
10,1.3939032,Target,,,,,,,,,,,,,,,,,,,,
10,1.2903378,Target,,,,,,,,,,,,,,,,,,,,
10,2.163437,Target,,,,,,,,,,,,,,,,,,,,
5,1.2685198,Target,,,,,,,,,,,,,,,,,,,,
5,3.1297877,Target,,,,,,,,,,,,,,,,,,,,
5,2.005982,Target,,,,,,,,,,,,,,,,,,,,
5,1.7325491,Target,,,,,,,,,,,,,,,,,,,,
10,1.1613546,Target,,,,,,,,,,,,,,,,,,,,
5,1.7156147,Target,,,,,,,,,,,,,,,,,,,,
5,1.0471239,Target,,,,,,,,,,,,,,,,,,,,
10,1.8216515,Target,,,,,,,,,,,,,,,,,,,,
10,2.4418694,Target,,,,,,,,,,,,,,,,,,,,
10,2.3803006,Target,,,,,,,,,,,,,,,,,,,,
10,1.2541874,Target,,,,,,,,,,,,,,,,,,,,
5,1.7667678,Target,,,,,,,,,,,,,,,,,,,,
5,1.314501,Target,,,,,,,,,,,,,,,,,,,,
10,1.5923595,Target,,,,,,,,,,,,,,,,,,,,
10,2.4268621,Target,,,,,,,,,,,,,,,,,,,,
10,1.3730833,Target,,,,,,,,,,,,,,,,,,,,
5,1.35065,Target,,,,,,,,,,,,,,,,,,,,
5,1.2302497,Target,,,,,,,,,,,,,,,,,,,,
5,1.0485903,Target,,,,,,,,,,,,,,,,,,,,
10,1.7733878,Target,,,,,,,,,,,,,,,,,,,,
5,2.6493184,Target,,,,,,,,,,,,,,,,,,,,
5,1.5317622,Target,,,,,,,,,,,,,,,,,,,,
10,1.8752873,Target,,,,,,,,,,,,,,,,,,,,
5,2.3343894,Target,,,,,,,,,,,,,,,,,,,,
10,1.3536788,Target,,,,,,,,,,,,,,,,,,,,
5,1.5170404,Target,,,,,,,,,,,,,,,,,,,,
10,1.452005,Target,,,,,,,,,,,,,,,,,,,,
10,2.589284,Target,,,,,,,,,,,,,,,,,,,,
10,1.7096786,Target,,,,,,,,,,,,,,,,,,,,
10,2.2874949,Target,,,,,,,,,,,,,,,,,,,,
10,1.4316804,Target,,,,,,,,,,,,,,,,,,,,
5,1.6006406,Target,,,,,,,,,,,,,,,,,,,,
10,1.8245824,Target,,,,,,,,,,,,,,,,,,,,
10,1.0940343,Target,,,,,,,,,,,,,,,,,,,,
10,2.7232778,Target,,,,,,,,,,,,,,,,,,,,
10,2.2103609,Target,,,,,,,,,,,,,,,,,,,,
10,1.5613785,Target,,,,,,,,,,,,,,,,,,,,
5,2.0328676,Target,,,,,,,,,,,,,,,,,,,,
5,2.0475138,Target,,,,,,,,,,,,,,,,,,,,
5,1.1640357,Target,,,,,,,,,,,,,,,,,,,,
5,1.4973071,Target,,,,,,,,,,,,,,,,,,,,
5,1.3810592,Target,,,,,,,,,,,,,,,,,,,,
10,1.8398398,Target,,,,,,,,,,,,,,,,,,,,
10,1.9899457,Target,,,,,,,,,,,,,,,,,,,,
10,1.4552148,Target,,,,,,,,,,,,,,,,,,,,
5,1.3317095,Target,,,,,,,,,,,,,,,,,,,,
5,1.7923486,Target,,,,,,,,,,,,,,,,,,,,
10,1.3899405,Target,,,,,,,,,,,,,,,,,,,,
5,1.7981951,Target,,,,,,,,,,,,,,,,,,,,
10,1.4078925,Target,,,,,,,,,,,,,,,,,,,,
5,2.1169622,Target,,,,,,,,,,,,,,,,,,,,
10,2.0818635,Target,,,,,,,,,,,,,,,,,,,,
10,3.6077427,Target,,,,,,,,,,,,,,,,,,,,
10,1.8595201,Target,,,,,,,,,,,,,,,,,,,,
5,1.2990833,Target,,,,,,,,,,,,,,,,,,,,
10,1.7758595,Target,,,,,,,,,,,,,,,,,,,,
10,2.110323,Target,,,,,,,,,,,,,,,,,,,,
10,1.410121,Target,,,,,,,,,,,,,,,,,,,,
10,1.6386422,Target,,,,,,,,,,,,,,,,,,,,
5,1.3345512,Target,,,,,,,,,,,,,,,,,,,,
5,1.9130628,Target,,,,,,,,,,,,,,,,,,,,
10,1.3586238,Target,,,,,,,,,,,,,,,,,,,,
10,1.4734968,Target,,,,,,,,,,,,,,,,,,,,
10,2.0349694,Target,,,,,,,,,,,,,,,,,,,,
5,1.5181511,Target,,,,,,,,,,,,,,,,,,,,
10,2.596407,Target,,,,,,,,,,,,,,,,,,,,
5,1.8135608,Target,,,,,,,,,,,,,,,,,,,,
10,1.6102884,Target,,,,,,,,,,,,,,,,,,,,
10,1.5395334,Target,,,,,,,,,,,,,,,,,,,,
5,1.4497615,Target,,,,,,,,,,,,,,,,,,,,
10,2.1420647,Target,,,,,,,,,,,,,,,,,,,,
5,1.9339823,Target,,,,,,,,,,,,,,,,,,,,
10,1.4944522,Target,,,,,,,,,,,,,,,,,,,,
5,1.350921,Target,,,,,,,,,,,,,,,,,,,,
10,2.0210626,Target,,,,,,,,,,,,,,,,,,,,
10,1.5220204,Target,,,,,,,,,,,,,,,,,,,,
10,1.9618925,Target,,,,,,,,,,,,,,,,,,,,
10,1.9902569,Target,,,,,,,,,,,,,,,,,,,,
10,1.7849471,Target,,,,,,,,,,,,,,,,,,,,
5,1.9799628,Target,,,,,,,,,,,,,,,,,,,,
5,1.8696012,Target,,,,,,,,,,,,,,,,,,,,
10,5.4925168,Target,,,,,,,,,,,,,,,,,,,,
5,1.4354508,Target,,,,,,,,,,,,,,,,,,,,
10,2.2437732,Target,,,,,,,,,,,,,,,,,,,,
5,1.700086,Target,,,,,,,,,,,,,,,,,,,,
10,3.6263303,Target,,,,,,,,,,,,,,,,,,,,
10,1.5589925,Target,,,,,,,,,,,,,,,,,,,,
5,1.6658324,Target,,,,,,,,,,,,,,,,,,,,
10,1.9940452,Target,,,,,,,,,,,,,,,,,,,,
5,1.3850366,Target,,,,,,,,,,,,,,,,,,,,
5,2.2993467,Target,,,,,,,,,,,,,,,,,,,,
10,1.7449755,Target,,,,,,,,,,,,,,,,,,,,
10,2.0939048,Target,,,,,,,,,,,,,,,,,,,,
10,1.5606777,Target,,,,,,,,,,,,,,,,,,,,
10,1.766721,Target,,,,,,,,,,,,,,,,,,,,
5,1.4685112,Target,,,,,,,,,,,,,,,,,,,,
5,1.8453441,Target,,,,,,,,,,,,,,,,,,,,
5,1.5054162,Target,,,,,,,,,,,,,,,,,,,,
5,1.1503623,Target,,,,,,,,,,,,,,,,,,,,
10,1.5100445,Target,,,,,,,,,,,,,,,,,,,,
10,1.9921005,Target,,,,,,,,,,,,,,,,,,,,
10,2.9875972,Target,,,,,,,,,,,,,,,,,,,,
5,1.5825797,Target,,,,,,,,,,,,,,,,,,,,
5,1.5283437,Target,,,,,,,,,,,,,,,,,,,,
10,0.9268223,Target,,,,,,,,,,,,,,,,,,,,
10,1.406314,Target,,,,,,,,,,,,,,,,,,,,
5,1.1372962,Target,,,,,,,,,,,,,,,,,,,,
5,2.2109688,Target,,,,,,,,,,,,,,,,,,,,
10,2.54275,Target,,,,,,,,,,,,,,,,,,,,
10,2.1270073,Target,,,,,,,,,,,,,,,,,,,,
5,1.3671153,Target,,,,,,,,,,,,,,,,,,,,
5,2.0467946,Target,,,,,,,,,,,,,,,,,,,,
5,1.8066794,Target,,,,,,,,,,,,,,,,,,,,
5,2.1644698,Target,,,,,,,,,,,,,,,,,,,,
10,1.4460495,Target,,,,,,,,,,,,,,,,,,,,
5,1.4133482,Target,,,,,,,,,,,,,,,,,,,,
5,1.7136473,Target,,,,,,,,,,,,,,,,,,,,
10,1.6709632,Target,,,,,,,,,,,,,,,,,,,,
5,1.6300701,Target,,,,,,,,,,,,,,,,,,,,
5,1.5659875,Target,,,,,,,,,,,,,,,,,,,,
5,1.5103203,Target,,,,,,,,,,,,,,,,,,,,
10,1.4289302,Target,,,,,,,,,,,,,,,,,,,,
5,1.7930591,Target,,,,,,,,,,,,,,,,,,,,
10,3.0846375,Target,,,,,,,,,,,,,,,,,,,,
10,2.3916056,Target,,,,,,,,,,,,,,,,,,,,
5,1.4980627,Target,,,,,,,,,,,,,,,,,,,,
5,2.1665608,Target,,,,,,,,,,,,,,,,,,,,
5,2.8798574,Target,,,,,,,,,,,,,,,,,,,,
5,1.9852111,Target,,,,,,,,,,,,,,,,,,,,
10,2.2535125,Target,,,,,,,,,,,,,,,,,,,,
5,1.4398589,Target,,,,,,,,,,,,,,,,,,,,
5,1.5267954,Target,,,,,,,,,,,,,,,,,,,,
10,2.5041919,Target,,,,,,,,,,,,,,,,,,,,
10,2.718237,Target,,,,,,,,,,,,,,,,,,,,
10,3.1380626,Target,,,,,,,,,,,,,,,,,,,,
5,2.465675,Target,,,,,,,,,,,,,,,,,,,,
5,1.837032,Target,,,,,,,,,,,,,,,,,,,,
5,1.9482847,Target,,,,,,,,,,,,,,,,,,,,
10,1.6524527,Target,,,,,,,,,,,,,,,,,,,,
10,1.5228549,Target,,,,,,,,,,,,,,,,,,,,
5,2.5317903,Target,,,,,,,,,,,,,,,,,,,,
5,1.415054,Target,,,,,,,,,,,,,,,,,,,,
10,1.9540364,Target,,,,,,,,,,,,,,,,,,,,
10,2.0906294,Target,,,,,,,,,,,,,,,,,,,,
10,3.473031,Target,,,,,,,,,,,,,,,,,,,,
10,2.0760937,Target,,,,,,,,,,,,,,,,,,,,
10,1.9724163,Target,,,,,,,,,,,,,,,,,,,,
10,1.6510577,Target,,,,,,,,,,,,,,,,,,,,
5,2.0657714,Target,,,,,,,,,,,,,,,,,,,,
10,2.0121545,Target,,,,,,,,,,,,,,,,,,,,
10,4.1942254,Target,,,,,,,,,,,,,,,,,,,,
10,3.4051257,Target,,,,,,,,,,,,,,,,,,,,
5,2.6654416,Target,,,,,,,,,,,,,,,,,,,,
5,3.1327534,Target,,,,,,,,,,,,,,,,,,,,
10,2.1713545,Target,,,,,,,,,,,,,,,,,,,,
10,2.7105891,Target,,,,,,,,,,,,,,,,,,,,
10,1.9221963,Target,,,,,,,,,,,,,,,,,,,,
10,1.706548,Target,,,,,,,,,,,,,,,,,,,,
10,1.551792,Target,,,,,,,,,,,,,,,,,,,,
5,1.9601115,Target,,,,,,,,,,,,,,,,,,,,
5,1.6132992,Target,,,,,,,,,,,,,,,,,,,,
10,2.2046509,Target,,,,,,,,,,,,,,,,,,,,
5,1.6381254,Target,,,,,,,,,,,,,,,,,,,,
10,1.573573,Target,,,,,,,,,,,,,,,,,,,,
10,2.3244789,Target,,,,,,,,,,,,,,,,,,,,
5,1.5827526,Target,,,,,,,,,,,,,,,,,,,,
5,1.4205737,Target,,,,,,,,,,,,,,,,,,,,
5,1.7211283,Target,,,,,,,,,,,,,,,,,,,,
5,1.6487751,Target,,,,,,,,,,,,,,,,,,,,
5,2.8276151,Target,,,,,,,,,,,,,,,,,,,,
10,1.3532964,Target,,,,,,,,,,,,,,,,,,,,
10,1.0395967,Target,,,,,,,,,,,,,,,,,,,,
5,1.3511159,Target,,,,,,,,,,,,,,,,,,,,
5,1.4319481,Target,,,,,,,,,,,,,,,,,,,,
10,1.8763916,Target,,,,,,,,,,,,,,,,,,,,
10,2.4153722,Target,,,,,,,,,,,,,,,,,,,,
5,1.6744153,Target,,,,,,,,,,,,,,,,,,,,
5,2.2065094,Target,,,,,,,,,,,,,,,,,,,,
10,3.306972,Target,,,,,,,,,,,,,,,,,,,,
10,1.9418972,Target,,,,,,,,,,,,,,,,,,,,
5,1.798123,Target,,,,,,,,,,,,,,,,,,,,
10,1.2054721,Target,,,,,,,,,,,,,,,,,,,,
10,2.1392508,Target,,,,,,,,,,,,,,,,,,,,
10,1.4605878,Target,,,,,,,,,,,,,,,,,,,,
10,2.0073265,Target,,,,,,,,,,,,,,,,,,,,
10,1.7881623,Target,,,,,,,,,,,,,,,,,,,,
5,1.923282,Target,,,,,,,,,,,,,,,,,,,,
10,2.0496691,Target,,,,,,,,,,,,,,,,,,,,
5,1.8364608,Target,,,,,,,,,,,,,,,,,,,,
10,1.2403866,Target,,,,,,,,,,,,,,,,,,,,
10,1.6715741,Target,,,,,,,,,,,,,,,,,,,,
5,2.1817953,Target,,,,,,,,,,,,,,,,,,,,
10,1.4271277,Target,,,,,,,,,,,,,,,,,,,,
10,1.3766681,Target,,,,,,,,,,,,,,,,,,,,
5,1.9782833,Target,,,,,,,,,,,,,,,,,,,,
5,2.2194583,Target,,,,,,,,,,,,,,,,,,,,
10,1.7702888,Target,,,,,,,,,,,,,,,,,,,,
5,1.6875384,Target,,,,,,,,,,,,,,,,,,,,
10,1.6880499,Target,,,,,,,,,,,,,,,,,,,,
5,2.6332916,Target,,,,,,,,,,,,,,,,,,,,
5,1.3682601,Target,,,,,,,,,,,,,,,,,,,,
10,1.4326576,Target,,,,,,,,,,,,,,,,,,,,
5,1.701173,Target,,,,,,,,,,,,,,,,,,,,
5,1.8116021,Target,,,,,,,,,,,,,,,,,,,,
5,1.4724896,Target,,,,,,,,,,,,,,,,,,,,
10,1.4517949,Target,,,,,,,,,,,,,,,,,,,,
5,1.667313,Target,,,,,,,,,,,,,,,,,,,,
10,1.5703312,Target,,,,,,,,,,,,,,,,,,,,
5,1.3419365,Target,,,,,,,,,,,,,,,,,,,,
5,2.2808901,Target,,,,,,,,,,,,,,,,,,,,
5,1.6945162,Target,,,,,,,,,,,,,,,,,,,,
5,1.3838565,Target,,,,,,,,,,,,,,,,,,,,
5,1.3980833,Target,,,,,,,,,,,,,,,,,,,,
10,4.1647732,Target,,,,,,,,,,,,,,,,,,,,
10,1.8603829,Target,,,,,,,,,,,,,,,,,,,,
10,1.6744739,Target,,,,,,,,,,,,,,,,,,,,
10,2.3268281,Target,,,,,,,,,,,,,,,,,,,,
10,2.3897361,Target,,,,,,,,,,,,,,,,,,,,
10,1.573868,Target,,,,,,,,,,,,,,,,,,,,
5,1.6484354,Target,,,,,,,,,,,,,,,,,,,,
10,1.8087694,Target,,,,,,,,,,,,,,,,,,,,
5,1.2366401,Target,,,,,,,,,,,,,,,,,,,,
10,2.5714048,Target,,,,,,,,,,,,,,,,,,,,
10,2.9111072,Target,,,,,,,,,,,,,,,,,,,,
5,2.0315325,Target,,,,,,,,,,,,,,,,,,,,
5,1.4841894,Target,,,,,,,,,,,,,,,,,,,,
5,1.9003151,Target,,,,,,,,,,,,,,,,,,,,
5,2.1542094,Target,,,,,,,,,,,,,,,,,,,,
10,1.5797427,Target,,,,,,,,,,,,,,,,,,,,
10,2.0268696,Target,,,,,,,,,,,,,,,,,,,,
10,1.5238641,Target,,,,,,,,,,,,,,,,,,,,
10,3.0770307,Target,,,,,,,,,,,,,,,,,,,,
5,1.6991075,Target,,,,,,,,,,,,,,,,,,,,
5,1.634462,Target,,,,,,,,,,,,,,,,,,,,
10,1.3941631,Target,,,,,,,,,,,,,,,,,,,,
5,1.9412058,Target,,,,,,,,,,,,,,,,,,,,
10,2.3052711,Target,,,,,,,,,,,,,,,,,,,,
5,1.7481883,Target,,,,,,,,,,,,,,,,,,,,
10,2.2073137,Target,,,,,,,,,,,,,,,,,,,,
10,1.9386006,Target,,,,,,,,,,,,,,,,,,,,
5,1.5504787,Target,,,,,,,,,,,,,,,,,,,,
10,1.6245173,Target,,,,,,,,,,,,,,,,,,,,
5,2.0726837,Target,,,,,,,,,,,,,,,,,,,,
10,1.9887537,Target,,,,,,,,,,,,,,,,,,,,
10,1.2756873,Target,,,,,,,,,,,,,,,,,,,,
10,2.2721302,Target,,,,,,,,,,,,,,,,,,,,
5,1.8331847,Target,,,,,,,,,,,,,,,,,,,,
10,1.9149665,Target,,,,,,,,,,,,,,,,,,,,
5,1.54232,Target,,,,,,,,,,,,,,,,,,,,
10,2.0694818,Target,,,,,,,,,,,,,,,,,,,,
5,1.6469282,Target,,,,,,,,,,,,,,,,,,,,
5,1.5184417,Target,,,,,,,,,,,,,,,,,,,,
5,1.8993422,Target,,,,,,,,,,,,,,,,,,,,
5,2.1617693,Target,,,,,,,,,,,,,,,,,,,,
10,1.4996718,Target,,,,,,,,,,,,,,,,,,,,
10,2.4599393,Target,,,,,,,,,,,,,,,,,,,,
5,1.2975814,Target,,,,,,,,,,,,,,,,,,,,
10,1.3828225,Target,,,,,,,,,,,,,,,,,,,,
10,1.7636993,Target,,,,,,,,,,,,,,,,,,,,
5,1.5243211,Target,,,,,,,,,,,,,,,,,,,,
5,1.367544,Target,,,,,,,,,,,,,,,,,,,,
5,2.0155466,Target,,,,,,,,,,,,,,,,,,,,
5,1.3166126,Target,,,,,,,,,,,,,,,,,,,,
5,2.1515193,Target,,,,,,,,,,,,,,,,,,,,
10,2.4255002,Target,,,,,,,,,,,,,,,,,,,,
5,1.988111,Target,,,,,,,,,,,,,,,,,,,,
5,2.0474761,Target,,,,,,,,,,,,,,,,,,,,
5,2.5286212,Target,,,,,,,,,,,,,,,,,,,,
5,2.1839501,Target,,,,,,,,,,,,,,,,,,,,
10,1.5078579,Target,,,,,,,,,,,,,,,,,,,,
5,1.4411738,Target,,,,,,,,,,,,,,,,,,,,
5,2.3640373,Target,,,,,,,,,,,,,,,,,,,,
5,2.5519841,Target,,,,,,,,,,,,,,,,,,,,
10,1.4219197,Target,,,,,,,,,,,,,,,,,,,,
5,1.9818504,Target,,,,,,,,,,,,,,,,,,,,
10,2.7572785,Target,,,,,,,,,,,,,,,,,,,,
5,1.1833748,Target,,,,,,,,,,,,,,,,,,,,
5,2.1283754,Target,,,,,,,,,,,,,,,,,,,,
10,2.0689208,Target,,,,,,,,,,,,,,,,,,,,
5,1.4806823,Target,,,,,,,,,,,,,,,,,,,,
10,2.8040883,Target,,,,,,,,,,,,,,,,,,,,
10,1.802417,Target,,,,,,,,,,,,,,,,,,,,
5,1.2810048,Target,,,,,,,,,,,,,,,,,,,,
5,1.4151013,Target,,,,,,,,,,,,,,,,,,,,
10,1.6093987,Target,,,,,,,,,,,,,,,,,,,,
10,1.5992027,Target,,,,,,,,,,,,,,,,,,,,
5,2.3168444,Target,,,,,,,,,,,,,,,,,,,,
5,1.3483072,Target,,,,,,,,,,,,,,,,,,,,
10,1.8740022,Target,,,,,,,,,,,,,,,,,,,,
10,1.6898997,Target,,,,,,,,,,,,,,,,,,,,
5,1.5658273,Target,,,,,,,,,,,,,,,,,,,,
10,1.8395309,Target,,,,,,,,,,,,,,,,,,,,
10,2.1274407,Target,,,,,,,,,,,,,,,,,,,,
5,1.6983726,Target,,,,,,,,,,,,,,,,,,,,
10,1.5763399,Target,,,,,,,,,,,,,,,,,,,,
10,1.2280902,Target,,,,,,,,,,,,,,,,,,,,
10,3.226535,Target,,,,,,,,,,,,,,,,,,,,
10,2.2109852,Target,,,,,,,,,,,,,,,,,,,,
10,2.0851514,Target,,,,,,,,,,,,,,,,,,,,
10,1.6850971,Target,,,,,,,,,,,,,,,,,,,,
5,1.9811579,Target,,,,,,,,,,,,,,,,,,,,
10,2.661263,Target,,,,,,,,,,,,,,,,,,,,
10,1.9211696,Target,,,,,,,,,,,,,,,,,,,,
10,2.7226272,Target,,,,,,,,,,,,,,,,,,,,
5,1.7376126,Target,,,,,,,,,,,,,,,,,,,,
5,2.0184771,Target,,,,,,,,,,,,,,,,,,,,
10,1.8035596,Target,,,,,,,,,,,,,,,,,,,,
10,1.578976,Target,,,,,,,,,,,,,,,,,,,,
10,1.4578645,Target,,,,,,,,,,,,,,,,,,,,
10,1.372192,Target,,,,,,,,,,,,,,,,,,,,
10,2.0722776,Target,,,,,,,,,,,,,,,,,,,,
10,1.4435888,Target,,,,,,,,,,,,,,,,,,,,
